material,n_samples,valid_rows,valid_depth_samples,valid_roughness_samples,missing_field_ratio,outlier_row_count,missing_power_W_ratio,missing_Sq_um_ratio,missing_Sz_um_ratio
AlSiC,120,120,120,120,0.6086956521739131,14,1.0,0.0,0.0
CFRP,128,128,128,128,0.6086956521739131,27,1.0,0.0,0.0
Diamond,60,52,52,52,0.7072463768115942,8,1.0,1.0,1.0
SiC,120,120,120,120,0.6086956521739131,21,1.0,0.0,0.0
ZrO2,120,120,120,120,0.6086956521739131,16,1.0,0.0,0.0
